{
  "1": {
    "pg1": 1.2603,
    "pg2": 1.9999999999990905,
    "pg3": 1.9999999999990905,
    "pg4": 1.9999999999990905,
    "pg5": 1.9999999999990905
  },
  "2": {
    "pg1": 1.0857,
    "pg2": 1.0719061020045046,
    "pg3": 1.9999999999990905,
    "pg4": 1.0122,
    "pg5": 1.5833724799995252
  },
  "3": {
    "pg1": 2.0,
    "pg2": 1.6139971612901718,
    "pg3": 1.6139971612901718,
    "pg4": 1.9999999999990905,
    "pg5": 1.9999999999990905,
    "pg6": 1.9999999999990905,
    "pg7": 1.9999999999990905
  },
  "4": {
    "pg1": 2.0,
    "pg2": 1.1535309163627971,
    "pg3": 1.1535309163627971,
    "pg4": 1.9999999999990905,
    "pg5": 1.9999999999990905,
    "pg6": 1.6459500540531735,
    "pg7": 1.565854918918376
  },
  "5": {
    "pg1": 1.5566,
    "pg2": 1.054441602596853,
    "pg3": 1.054441602596853,
    "pg4": 1.9999999999990905,
    "pg5": 1.7225,
    "pg6": 1.1885288282992406,
    "pg7": 1.1574448724159083
  },
  "6": {
    "pg1": 1.1157,
    "pg2": 1.0,
    "pg3": 1.0,
    "pg4": 1.9999999999990905,
    "pg5": 1.172,
    "pg6": 1.0681163952076531,
    "pg7": 1.055433225035813
  }
}